Year,Month,Passenger_Trips,Aircraft_Trips,Load_Factor,Seats
1984,1,132682,1368.0,66.5,199522.0
1984,2,153549,1311.0,73.2,209766.0
1984,3,166780,1461.0,72.3,230678.0
1984,4,153105,1355.0,73.4,208590.0
1984,5,170378,1494.0,74.2,229620.0
1984,6,151317,1353.0,71.6,211337.0
1984,7,158759,1436.0,70.1,226475.0
1984,8,173440,1492.0,73.1,237264.0
1984,9,160397,1430.0,71.9,223083.0
1984,10,172413,1534.0,71.7,240464.0
1984,11,177973,1529.0,73.5,242140.0
1984,12,139343,1309.0,72.6,191933.0
1985,1,141317,1314.0,70.4,200734.0
1985,2,162295,1412.0,72.7,223239.0
1985,3,183790,1547.0,73.4,250395.0
1985,4,165372,1426.0,72.9,226848.0
1985,5,186797,1619.0,71.6,260890.0
1985,6,158857,1451.0,68.9,230562.0
1985,7,144291,1376.0,69.7,207017.0
1985,8,183945,1615.0,71.3,257987.0
1985,9,174945,1595.0,70.5,248149.0
1985,10,184448,1678.0,69.5,265393.0
1985,11,186644,1593.0,73.2,254978.0
1985,12,159073,1479.0,68.3,232903.0
1986,1,147237,1370.0,68.0,216525.0
1986,2,172936,1432.0,74.5,232129.0
1986,3,178467,1475.0,72.8,245147.0
1986,4,177759,1578.0,71.4,248962.0
1986,5,187333,1676.0,70.0,267619.0
1986,6,166589,1577.0,66.6,250134.0
1986,7,178030,1639.0,66.4,268117.0
1986,8,186485,1645.0,70.7,263769.0
1986,9,175339,1633.0,66.7,262877.0
1986,10,187846,1707.0,70.7,265694.0
1986,11,182255,1579.0,72.5,251386.0
1986,12,167754,1527.0,72.1,232669.0
1987,1,150188,1420.0,71.1,211235.0
1987,2,170200,1515.0,73.3,232196.0
1987,3,191464,1666.0,71.4,268157.0
1987,4,189006,1656.0,72.8,259624.0
1987,5,183985,1700.0,69.5,264727.0
1987,6,176631,1636.0,69.9,252691.0
1987,7,195409,1836.0,70.4,277570.0
1987,8,189913,1754.0,69.9,271692.0
1987,9,198861,1776.0,72.3,275050.0
1987,10,215889,1831.0,75.7,285190.0
1987,11,203383,1742.0,79.4,256150.0
1987,12,185047,1609.0,76.4,242208.0
1988,1,170840,1485.0,72.9,234348.0
1988,2,202336,1797.0,75.4,268350.0
1988,3,218605,1923.0,74.6,293036.0
1988,4,195398,1731.0,73.6,265486.0
1988,5,209421,1911.0,74.3,281859.0
1988,6,202228,1856.0,73.7,274393.0
1988,7,207930,1892.0,74.9,277610.0
1988,8,216819,1995.0,73.2,296201.0
1988,9,231708,1953.0,79.0,293301.0
1988,10,219515,1916.0,79.9,274737.0
1988,11,221987,1948.0,78.4,283147.0
1988,12,199237,1785.0,75.6,263541.0
1989,1,172445,1568.0,78.1,220800.0
1989,2,198633,1788.0,76.1,261016.0
1989,3,220945,2014.0,77.1,286569.0
1989,4,196178,1749.0,75.8,258810.0
1989,5,204922,1938.0,73.7,278049.0
1989,6,196929,1920.0,70.7,278542.0
1989,7,198272,2006.0,67.6,293302.0
1989,8,137385,1272.0,67.1,204747.0
1989,9,79986,253.0,92.6,86378.0
1989,10,137673,816.0,90.5,152125.0
1989,11,157207,1066.0,82.9,189634.0
1989,12,167871,1362.0,71.3,235443.0
1990,1,191216,1524.0,72.2,264842.0
1990,2,193581,1714.0,64.8,298736.0
1990,3,217427,1978.0,64.2,338671.0
1990,4,200988,1796.0,68.2,294704.0
1990,5,205094,1967.0,62.4,328676.0
1990,6,193171,1793.0,66.3,291359.0
1990,7,208799,1916.0,70.3,297011.0
1990,8,205600,1836.0,68.9,298403.0
1990,9,201937,1626.0,76.8,262939.0
1990,10,231414,1858.0,76.1,304092.0
1990,11,232376,1971.0,75.3,308600.0
1990,12,226533,2159.0,61.8,366558.0
1991,1,231087,1896.0,72.2,320065.0
1991,2,219354,1866.0,69.0,317904.0
1991,3,237335,2043.0,68.5,346474.0
1991,4,247217,2117.0,68.5,360901.0
1991,5,241944,2238.0,64.7,373947.0
1991,6,240123,2113.0,66.0,363823.0
1991,7,304216,2461.0,75.4,403469.0
1991,8,298451,2480.0,73.8,404405.0
1991,9,320758,2426.0,81.4,394052.0
1991,10,331412,2463.0,81.5,406640.0
1991,11,344286,2434.0,85.1,404566.0
1991,12,306938,2299.0,82.6,371596.0
1992,1,277825,1936.0,88.8,312866.0
1992,2,266121,2052.0,82.9,321014.0
1992,3,281571,2231.0,81.3,346336.0
1992,4,268865,2149.0,80.8,332754.0
1992,5,263540,2273.0,76.4,344948.0
1992,6,262040,2227.0,77.6,337680.0
1992,7,300429,2463.0,79.9,376006.0
1992,8,274736,2379.0,74.7,367786.0
1992,9,316960,2978.0,71.3,444544.0
1992,10,329891,3042.0,70.4,468595.0
1992,11,314214,2861.0,72.0,436408.0
1992,12,297885,2761.0,69.3,429848.0
1993,1,299840,2490.0,76.2,393491.0
1993,2,292305,2547.0,72.1,405416.0
1993,3,300668,2535.0,73.1,411311.0
1993,4,294436,2304.0,79.4,370826.0
1993,5,271164,2349.0,73.3,369937.0
1993,6,267813,2283.0,72.9,367370.0
1993,7,326740,2694.0,67.3,485498.0
1993,8,323850,2676.0,67.1,482638.0
1993,9,338826,2669.0,71.0,477220.0
1993,10,351428,2700.0,71.0,494969.0
1993,11,358488,2612.0,73.6,487076.0
1993,12,343130,2535.0,71.1,482602.0
1994,1,336289,2328.0,74.9,448984.0
1994,2,338539,2457.0,72.6,466307.0
1994,3,381577,2798.0,72.2,528500.0
1994,4,350894,2573.0,70.2,499849.0
1994,5,325020,2705.0,61.8,525922.0
1994,6,339980,2714.0,65.6,518262.0
1994,7,370445,2922.0,65.8,562576.0
1994,8,355314,2930.0,62.6,567653.0
1994,9,380053,2896.0,68.9,551347.0
1994,10,393723,2849.0,72.2,545679.0
1994,11,386184,2824.0,70.6,546949.0
1994,12,357756,2771.0,67.7,528366.0
1995,1,369347,2511.0,75.1,491621.0
1995,2,365356,2663.0,70.6,517153.0
1995,3,391701,2906.0,68.4,572754.0
1995,4,365423,2732.0,69.6,524960.0
1995,5,354047,2920.0,63.5,557983.0
1995,6,351651,2834.0,65.1,540385.0
1995,7,383691,2907.0,67.6,567764.0
1995,8,399044,2929.0,70.7,564523.0
1995,9,396353,2853.0,71.5,554074.0
1995,10,414792,2964.0,72.2,574507.0
1995,11,420023,2889.0,76.1,551757.0
1995,12,383851,2757.0,72.7,528107.0
1996,1,389305,2689.0,75.8,513675.0
1996,2,391915,2859.0,72.7,538991.0
1996,3,416424,3025.0,73.2,569031.0
1996,4,393889,2872.0,72.0,546732.0
1996,5,389012,2950.0,69.2,561891.0
1996,6,376162,2809.0,70.7,531725.0
1996,7,403030,3046.0,67.7,595732.0
1996,8,396948,2984.0,66.3,598581.0
1996,9,413692,2976.0,68.9,600264.0
1996,10,421743,3094.0,68.2,618333.0
1996,11,416035,2889.0,71.6,581291.0
1996,12,388917,2801.0,70.4,552245.0
1997,1,379398,2690.0,71.7,529100.0
1997,2,392680,2664.0,74.7,525986.0
1997,3,421168,2934.0,74.7,563807.0
1997,4,395657,2874.0,72.7,544558.0
1997,5,381011,2811.0,70.0,544531.0
1997,6,373832,2723.0,71.1,526050.0
1997,7,422165,3055.0,71.4,591282.0
1997,8,411847,2948.0,72.6,567427.0
1997,9,410375,2887.0,73.0,561799.0
1997,10,437024,3023.0,74.2,588678.0
1997,11,423266,2846.0,76.6,552434.0
1997,12,392311,2689.0,74.6,525619.0
1998,1,382045,2602.0,75.3,507178.0
1998,2,396899,2676.0,76.9,515907.0
1998,3,436853,2993.0,75.1,581832.0
1998,4,406822,2839.0,73.5,553369.0
1998,5,399572,2945.0,71.1,562100.0
1998,6,388886,2866.0,71.7,542048.0
1998,7,425799,3085.0,70.7,601868.0
1998,8,404802,2918.0,70.5,574187.0
1998,9,412232,3006.0,69.8,590933.0
1998,10,442454,3064.0,75.1,589197.0
1998,11,426003,2939.0,76.7,555678.0
1998,12,407492,2827.0,76.4,533530.0
1999,1,384100,2597.0,80.7,476121.0
1999,2,412075,2728.0,81.1,507807.0
1999,3,461650,3067.0,79.5,580790.0
1999,4,412047,2888.0,75.1,548833.0
1999,5,409366,2988.0,71.8,570241.0
1999,6,416337,2953.0,74.3,560554.0
1999,7,441537,3143.0,72.9,606028.0
1999,8,441202,3153.0,72.7,607204.0
1999,9,457874,3116.0,75.4,607113.0
1999,10,471892,3184.0,75.6,624217.0
1999,11,458866,3091.0,76.0,603398.0
1999,12,425945,3020.0,73.1,582621.0
2000,1,411403,2832.0,76.1,540296.0
2000,2,452738,2970.0,77.9,581282.0
2000,3,503231,3249.0,78.3,643012.0
2000,4,437369,2848.0,77.8,562085.0
2000,5,453864,3084.0,74.0,613373.0
2000,6,465074,3475.0,70.9,656320.0
2000,7,476947,3688.0,70.4,677059.0
2000,8,519409,3836.0,72.9,712046.0
2000,9,569803,3946.0,78.8,723012.0
2000,10,534892,4005.0,73.3,729337.0
2000,11,547708,3941.0,76.6,714930.0
2000,12,505562,3820.0,73.4,688968.0
2001,1,524802,3748.0,77.8,674462.0
2001,2,476865,3913.0,68.9,692350.0
2001,3,548511,4601.0,68.4,801442.0
2001,4,533392,3991.0,76.3,699510.0
2001,5,490915,3745.0,70.8,693845.0
2001,6,454489,3232.0,73.0,622780.0
2001,7,520946,3556.0,74.2,701788.0
2001,8,500073,3742.0,69.0,724830.0
2001,9,431457,2867.0,73.7,585696.0
2001,10,451120,3346.0,68.8,655567.0
2001,11,469281,3164.0,75.5,621915.0
2001,12,438839,2993.0,74.5,589111.0
2002,1,455351,2872.0,80.5,565894.0
2002,2,435224,2715.0,79.6,546539.0
2002,3,461607,2634.0,84.0,549650.0
2002,4,425494,2596.0,77.5,549202.0
2002,5,433545,2702.0,76.5,566688.0
2002,6,400663,2510.0,76.4,524266.0
2002,7,442056,2815.0,76.5,578113.0
2002,8,444250,2719.0,79.1,561871.0
2002,9,438553,2721.0,78.4,559525.0
2002,10,474686,2941.0,78.8,602101.0
2002,11,458616,2759.0,81.1,565736.0
2002,12,445197,2760.0,79.3,561751.0
2003,1,437310,2559.0,82.5,530352.0
2003,2,430473,2439.0,84.1,511891.0
2003,3,467539,2742.0,81.8,571785.0
2003,4,427615,2650.0,79.2,539869.0
2003,5,448538,2760.0,77.7,577286.0
2003,6,442258,2736.0,77.8,568772.0
2003,7,483016,2804.0,82.2,587548.0
2003,8,481590,2764.0,82.9,580941.0
2003,9,490133,3045.0,79.0,620100.0
2003,10,515667,3147.0,80.7,638731.0
2003,11,519474,3069.0,84.1,617372.0
2003,12,485706,3031.0,80.4,603889.0
2004,1,467154,2884.0,80.8,578259.0
2004,2,487782,2935.0,81.9,595715.0
2004,3,533244,3185.0,82.4,647377.0
2004,4,507874,3002.0,83.6,607741.0
2004,5,494533,3172.0,76.8,644174.0
2004,6,497328,3327.0,74.4,669700.0
2004,7,539163,3584.0,77.3,697060.0
2004,8,540606,3612.0,76.5,706602.0
2004,9,539795,3519.0,78.3,689536.0
2004,10,548127,3511.0,80.2,683188.0
2004,11,538089,3455.0,78.9,682234.0
2004,12,516291,3348.0,78.8,655087.0
2005,1,485018,3145.0,77.6,625401.0
2005,2,504794,3148.0,81.5,619616.0
2005,3,555200,3550.0,78.5,706905.0
2005,4,520559,3410.0,77.6,670860.0
2005,5,499252,3492.0,73.2,682515.0
2005,6,485921,3413.0,73.1,664701.0
2005,7,522546,3410.0,77.0,678388.0
2005,8,516702,3436.0,75.7,682125.0
2005,9,532594,3506.0,76.7,693958.0
2005,10,536084,3513.0,76.8,697418.0
2005,11,549206,3393.0,81.9,670719.0
2005,12,510627,3515.0,77.8,656736.0
2006,1,485404,3240.0,80.0,607051.0
2006,2,494834,3420.0,77.8,636278.0
2006,3,545320,3707.0,75.6,720916.0
2006,4,511862,3357.0,79.5,644012.0
2006,5,522299,3520.0,77.6,673124.0
2006,6,509420,3349.0,80.0,636620.0
2006,7,530304,3494.0,78.5,675870.0
2006,8,536188,3551.0,79.3,676073.0
2006,9,551218,3586.0,80.0,688994.0
2006,10,562519,3716.0,80.6,697677.0
2006,11,590924,3746.0,85.0,695057.0
2006,12,567221,3704.0,84.5,671408.0
2007,1,540021,3469.0,82.1,657422.0
2007,2,528649,3398.0,85.2,620309.0
2007,3,591318,3832.0,84.1,703326.0
2007,4,552197,3579.0,81.7,675930.0
2007,5,544655,3763.0,78.6,692808.0
2007,6,529451,3499.0,81.2,652088.0
2007,7,577533,3689.0,82.8,697281.0
2007,8,577603,3735.0,80.0,721810.0
2007,9,553188,3705.0,78.0,709527.0
2007,10,604603,3887.0,80.8,747893.0
2007,11,617589,3903.0,83.5,739472.0
2007,12,578190,3773.0,80.6,717180.0
2008,1,565706,3625.0,81.8,691908.0
2008,2,588595,3736.0,82.7,711915.0
2008,3,625196,3945.0,82.2,760462.0
2008,4,586952,3944.0,76.7,765157.0
2008,5,574069,3993.0,74.9,766414.0
2008,6,543600,3668.0,78.2,694849.0
2008,7,606667,3966.0,84.0,722124.0
2008,8,578746,3948.0,81.0,714841.0
2008,9,566665,3947.0,77.0,736037.0
2008,10,618432,4166.0,80.6,766889.0
2008,11,586593,4011.0,80.3,730476.0
2008,12,565390,3876.0,80.1,705741.0
2009,1,550601,3677.0,81.6,675088.0
2009,2,540558,3441.0,83.5,647164.0
2009,3,589251,3845.0,81.0,727752.0
2009,4,564627,3671.0,81.1,696540.0
2009,5,533479,3602.0,80.0,667035.0
2009,6,509799,3504.0,76.3,668100.0
2009,7,586768,3900.0,81.3,721830.0
2009,8,601989,3812.0,82.7,727731.0
2009,9,611695,3898.0,82.9,737708.0
2009,10,669817,4350.0,80.3,833947.0
2009,11,678213,4346.0,84.0,807627.0
2009,12,645557,4124.0,83.9,769018.0
2010,1,616860,4066.0,83.6,737904.0
2010,2,636681,4048.0,86.6,735465.0
2010,3,692064,4532.0,84.1,823228.0
2010,4,648450,4394.0,81.0,800626.0
2010,5,632436,4540.0,74.5,849108.0
2010,6,619949,4246.0,78.3,791624.0
2010,7,666069,4506.0,79.8,834641.0
2010,8,669184,4374.0,82.0,815820.0
2010,9,660279,4235.0,84.0,786055.0
2010,10,698032,4392.0,85.0,821471.0
2010,11,690983,4338.0,86.1,802656.0
2010,12,670067,4370.0,84.2,795673.0
2011,1,628713,4248.0,82.4,762564.0
2011,2,629140,3912.0,84.7,742515.0
2011,3,693360,4485.0,83.2,833045.0
2011,4,667220,4297.0,83.4,799805.0
2011,5,644570,4374.0,79.4,811305.0
2011,6,589656,4093.0,78.9,747588.0
2011,7,648055,4069.0,86.6,748116.0
2011,8,643990,4325.0,81.0,794664.0
2011,9,629277,4188.0,82.3,764670.0
2011,10,657964,4210.0,85.8,767091.0
2011,11,663985,4386.0,83.6,793829.0
2011,12,632233,4304.0,81.6,775190.0
2012,1,617598,4094.0,85.0,726508.0
2012,2,627385,4345.0,80.5,779095.0
2012,3,694412,4650.0,82.0,846839.0
2012,4,646052,4543.0,77.7,831194.0
2012,5,650671,4598.0,77.5,839923.0
2012,6,616276,4308.0,77.1,799304.0
2012,7,690121,4880.0,75.3,916095.0
2012,8,704853,4944.0,77.0,915765.0
2012,9,683316,4850.0,76.0,899344.0
2012,10,715642,4870.0,79.5,900444.0
2012,11,734270,4697.0,83.4,880087.0
2012,12,667134,4394.0,81.4,819281.0
2013,1,662404,4331.0,82.8,799832.0
2013,2,651732,4198.0,82.1,793881.0
2013,3,716738,4630.0,81.9,875593.0
2013,4,670431,4473.0,80.9,828840.0
2013,5,672513,4627.0,78.9,852886.0
2013,6,631452,4361.0,79.1,798242.0
2013,7,723934,4824.0,82.1,882259.0
2013,8,709921,4673.0,83.6,849454.0
2013,9,667855,4623.0,80.1,834260.0
2013,10,729855,4808.0,83.4,875562.0
2013,11,721218,4601.0,85.6,842724.0
2013,12,685952,4524.0,83.5,821351.0
2014,1,666443,4327.0,85.8,776724.0
2014,2,657177,4365.0,85.9,765369.0
2014,3,718027,4729.0,85.9,835652.0
2014,4,672739,4509.0,81.6,824578.0
2014,5,679119,4829.0,77.2,879518.0
2014,6,642755,4565.0,77.7,827488.0
2014,7,700207,4723.0,81.4,860577.0
2014,8,707012,4727.0,82.9,852819.0
2014,9,688231,4802.0,79.8,862794.0
2014,10,761619,4973.0,84.9,896625.0
2014,11,734701,4768.0,85.4,860509.0
2014,12,688886,4695.0,83.3,827161.0
2015,1,663488,4678.0,81.9,810378.0
2015,2,695373,4742.0,84.6,821851.0
2015,3,768124,5300.0,83.6,919106.0
2015,4,688146,4894.0,79.7,863909.0
2015,5,696844,5033.0,78.0,892892.0
2015,6,662010,4967.0,75.1,881104.0
2015,7,752993,5246.0,81.3,925812.0
2015,8,714015,5153.0,78.0,915667.0
2015,9,706022,5008.0,79.3,890527.0
2015,10,767170,5164.0,84.1,912331.0
2015,11,765870,4980.0,87.0,880460.0
2015,12,733117,4925.0,83.8,874633.0
2016,1,698603,4636.0,84.4,827750.0
2016,2,743202,4889.0,85.3,871248.0
2016,3,775148,5132.0,84.5,917033.0
2016,4,724216,4876.0,82.0,883438.0
2016,5,725447,4931.0,80.9,896787.0
2016,6,690168,4674.0,82.3,838181.0
2016,7,754218,5090.0,83.0,908919.0
2016,8,739254,5210.0,80.2,922115.0
2016,9,749396,5064.0,82.4,909971.0
2016,10,775717,5081.0,84.9,913434.0
2016,11,797669,5014.0,87.7,909201.0
2016,12,731634,4746.0,85.7,854140.0
2017,1,709467,4728.0,83.5,850084.0
2017,2,713450,4762.0,83.7,852047.0
2017,3,804598,5260.0,85.2,943766.0
2017,4,727051,4732.0,85.3,852510.0
2017,5,750576,5157.0,81.8,917087.0
2017,6,721462,4826.0,83.2,867186.0
2017,7,771829,5159.0,83.5,923999.0
2017,8,753958,5213.0,81.0,930438.0
2017,9,742212,4960.0,83.7,886775.0
2017,10,810784,5155.0,86.6,936294.0
2017,11,834347,5247.0,88.8,939599.0
2017,12,757605,4876.0,86.8,873251.0
2018,1,742788,4762.0,87.5,849215.0
2018,2,747641,4763.0,87.0,859392.0
2018,3,827636,5292.0,86.3,959123.0
2018,4,765782,4951.0,85.0,901039.0
2018,5,759895,5145.0,80.8,938467.0
2018,6,725667,4815.0,83.2,872553.0
2018,7,774864,5046.0,85.7,904566.0
2018,8,782224,5027.0,85.5,914638.0
2018,9,739653,4894.0,83.6,884895.0
2018,10,821285,5364.0,85.7,958872.0
2018,11,805760,5093.0,89.4,901638.0
2018,12,746815,4730.0,87.9,849885.0
2019,1,753124,4892.0,85.6,879817.0
2019,2,744375,4850.0,86.1,864591.0
2019,3,816417,5296.0,85.6,953956.0
2019,4,741922,4938.0,84.3,880797.0
2019,5,768109,5218.0,82.4,931863.0
2019,6,701648,4811.0,81.7,858963.0
2019,7,758311,5136.0,83.5,908641.0
2019,8,769529,5048.0,85.6,899293.0
2019,9,747723,4976.0,84.4,885572.0
2019,10,823951,5397.0,86.1,957031.0
2019,11,800100,5005.0,89.5,894358.0
2019,12,756723,4857.0,87.9,860602.0
2020,1,742835,4869.0,86.1,863423.0
2020,2,691944,4677.0,83.6,827819.0
2020,3,416263,3726.0,64.1,650185.0
2020,4,17098,439.0,38.3,44585.0
2020,5,18998,377.0,53.9,35266.0
2020,6,59259,707.0,63.5,93352.0
2020,7,30926,596.0,43.8,70550.0
2020,8,9891,292.0,34.7,28487.0
2020,9,10155,362.0,35.4,28692.0
2020,10,11089,364.0,40.1,27672.0
2020,11,58399,729.0,63.4,92106.0
2020,12,182987,1910.0,59.0,310014.0
2021,1,33428,633.0,43.1,77599.0
2021,2,132147,1440.0,59.7,220937.0
2021,3,341253,3276.0,63.1,540077.0
2021,4,463253,3777.0,71.0,652850.0
2021,5,378734,3615.0,61.4,616959.0
2021,6,75800,1204.0,42.3,179126.0
2021,7,11979,529.0,21.8,54944.0
2021,8,4698,394.0,19.0,24666.0
2021,9,4848,426.0,18.2,26680.0
2021,10,15400,459.0,41.6,37045.0
2021,11,241328,2082.0,72.9,331088.0
2021,12,416911,3754.0,65.9,632125.0
2022,1,302258,2834.0,64.8,466124.0
2022,2,328026,2772.0,72.5,452868.0
2022,3,513635,3925.0,78.4,655763.0
2022,4,603340,4228.0,82.5,731407.0
2022,5,578758,4424.0,76.9,753322.0
2022,6,603913,4228.0,83.4,724106.0
2022,7,610404,4012.0,86.8,703068.0
2022,8,578412,4074.0,81.9,705581.0
2022,9,620990,4062.0,87.0,713582.0
2022,10,625907,4083.0,87.3,717267.0
2022,11,628511,4124.0,88.2,712884.0
2022,12,582027,4100.0,81.8,711114.0
2023,1,573025,4083.0,80.5,711900.0
2023,2,573180,4112.0,79.6,720684.0
2023,3,689672,4749.0,84.2,819335.0
2023,4,609876,4331.0,81.0,752808.0
2023,5,620569,4743.0,76.4,812593.0
2023,6,601467,4438.0,78.7,764721.0
2023,7,633803,4593.0,80.5,787811.0
2023,8,644390,4710.0,79.5,810768.0
2023,9,645676,4548.0,81.9,788918.0
2023,10,686806,4680.0,84.3,814486.0
2023,11,696915,4604.0,89.4,779487.0
2023,12,649226,4330.0,87.7,740542.0
2024,1,650266,4428.0,84.8,767301.0
2024,2,681740,4641.0,85.2,800710.0
2024,3,709732,4980.0,82.4,861574.0
2024,4,641487,4719.0,77.8,825278.0
2024,5,664654,4968.0,77.0,863020.0
2024,6,615282,4619.0,76.8,801688.0
2024,7,653204,4836.0,78.3,834559.0
2024,8,652747,4454.0,84.5,772904.0
2024,9,662132,4548.0,83.4,793855.0
2024,10,732012,4776.0,88.7,825667.0
2024,11,704459,4407.0,92.3,763228.0
2024,12,671580,4257.0,90.7,740292.0
2025,1,671101,4143.0,91.4,734118.0
2025,2,627930,4102.0,89.1,705113.0
2025,3,722964,4696.0,88.4,817468.0
2025,4,675129,4615.0,83.2,811371.0
2025,5,667503,4719.0,80.8,825909.0
2025,6,614999,4434.0,79.0,778491.0
2025,7,683933,4696.0,83.4,820198.0
2025,8,684904,4616.0,84.5,811193.0
2025,9,655101,4698.0,79.8,821350.0
2025,10,741565,4880.0,85.8,864804.0
2025,11,703840,4494.0,89.1,790170.0
